Algorithm,Sources,Throughput_Mean,Throughput_Std,Loss_Mean,Loss_Std,Delay_Mean,Delay_Std,Jitter_Mean,Jitter_Std
RED,25,9.250800000000002,0.14663614834003244,0.576,0.1155162326255492,69.48299999999999,1.0792409369552318,0.7203999999999999,0.016560193235587575
RED,50,9.390799999999999,0.06496275856211764,1.5939999999999999,0.11182128598795488,75.31200000000001,0.7823272972356249,1.3735,0.05895294733938245
RED,75,9.3801,0.14076324094024004,2.9479999999999995,0.11548160026601638,79.066,0.6365877787076976,2.1605000000000003,0.036870720090608516
RED,100,9.334,0.0647641876348345,4.418,0.12560254774486077,79.83200000000001,0.2775896251663613,3.3906,0.10350961308013852
ARED,25,7.9991,0.13304619498505021,1.006,0.12760877712759422,64.506,0.12059850745345133,0.6154999999999999,0.015454772725601643
ARED,50,7.9184,0.15148214416227399,2.4299999999999997,0.29863020610782165,65.53599999999999,0.5561150960008188,1.0455,0.09089141873686425
ARED,75,8.603000000000002,0.15988808586007894,3.9919999999999995,0.39718509539004604,66.464,0.3746785288750853,1.5943,0.09933584448727462
ARED,100,9.101699999999997,0.12939014645636693,5.495,0.23035841638629137,66.75900000000001,0.07660939890117681,2.2049999999999996,0.0972645875948693
QCT,25,9.417399999999999,0.20845392776342705,0.9149999999999998,0.13328540805354505,66.217,0.5632592653476737,0.6548999999999999,0.01829999999999999
QCT,50,9.5887,0.14099719855373022,2.4479999999999995,0.15721323099535858,67.81299999999999,0.6409843991861274,0.9351,0.024085057608401076
QCT,75,9.8624,0.0605726010668188,4.012,0.31943074366754376,69.675,0.6071284872249026,1.2024,0.042867703460764045
QCT,100,9.9568,0.013651373557265145,5.575,0.22468867350180333,71.17699999999999,0.30951736623330034,1.2636,0.07194609092925065
Fuzzy-QCT,25,9.2439,0.24832094152527684,0.866,0.10575443253121826,65.711,0.5582194908815005,0.6397999999999999,0.020488045294756667
Fuzzy-QCT,50,9.5185,0.14225557985541368,2.2199999999999998,0.19276929216034383,66.971,0.4697541910403779,1.0048,0.03335505958621571
Fuzzy-QCT,75,9.753600000000002,0.12673689281341877,3.596,0.18612898753283963,68.661,0.8230121505785906,1.3696,0.05632441744039613
Fuzzy-QCT,100,9.906299999999998,0.04238643650980828,5.007,0.13274411474713305,70.28299999999999,0.36444615514503725,1.7622,0.18138456384157944
